video,question,question_numberstarttime,endtime,F0_mean,VUV_mean,NAQ_mean,QOQ_mean,H1H2_mean,PSP_mean,MDQ_mean,peakSlope_mean,Rd_mean,Rd_conf_mean,creak_mean,MCEP_0_mean,MCEP_1_mean,MCEP_2_mean,MCEP_3_mean,MCEP_4_mean,MCEP_5_mean,MCEP_6_mean,MCEP_7_mean,MCEP_8_mean,MCEP_9_mean,MCEP_10_mean,MCEP_11_mean,MCEP_12_mean,MCEP_13_mean,MCEP_14_mean,MCEP_15_mean,MCEP_16_mean,MCEP_17_mean,MCEP_18_mean,MCEP_19_mean,MCEP_20_mean,MCEP_21_mean,MCEP_22_mean,MCEP_23_mean,MCEP_24_mean,HMPDM_0_mean,HMPDM_1_mean,HMPDM_2_mean,HMPDM_3_mean,HMPDM_4_mean,HMPDM_5_mean,HMPDM_6_mean,HMPDM_7_mean,HMPDM_8_mean,HMPDM_9_mean,HMPDM_10_mean,HMPDM_11_mean,HMPDM_12_mean,HMPDM_13_mean,HMPDM_14_mean,HMPDM_15_mean,HMPDM_16_mean,HMPDM_17_mean,HMPDM_18_mean,HMPDM_19_mean,HMPDM_20_mean,HMPDM_21_mean,HMPDM_22_mean,HMPDM_23_mean,HMPDM_24_mean,HMPDD_0_mean,HMPDD_1_mean,HMPDD_2_mean,HMPDD_3_mean,HMPDD_4_mean,HMPDD_5_mean,HMPDD_6_mean,HMPDD_7_mean,HMPDD_8_mean,HMPDD_9_mean,HMPDD_10_mean,HMPDD_11_mean,HMPDD_12_mean,F0_stddev,VUV_stddev,NAQ_stddev,QOQ_stddev,H1H2_stddev,PSP_stddev,MDQ_stddev,peakSlope_stddev,Rd_stddev,Rd_conf_stddev,creak_stddev,MCEP_0_stddev,MCEP_1_stddev,MCEP_2_stddev,MCEP_3_stddev,MCEP_4_stddev,MCEP_5_stddev,MCEP_6_stddev,MCEP_7_stddev,MCEP_8_stddev,MCEP_9_stddev,MCEP_10_stddev,MCEP_11_stddev,MCEP_12_stddev,MCEP_13_stddev,MCEP_14_stddev,MCEP_15_stddev,MCEP_16_stddev,MCEP_17_stddev,MCEP_18_stddev,MCEP_19_stddev,MCEP_20_stddev,MCEP_21_stddev,MCEP_22_stddev,MCEP_23_stddev,MCEP_24_stddev,HMPDM_0_stddev,HMPDM_1_stddev,HMPDM_2_stddev,HMPDM_3_stddev,HMPDM_4_stddev,HMPDM_5_stddev,HMPDM_6_stddev,HMPDM_7_stddev,HMPDM_8_stddev,HMPDM_9_stddev,HMPDM_10_stddev,HMPDM_11_stddev,HMPDM_12_stddev,HMPDM_13_stddev,HMPDM_14_stddev,HMPDM_15_stddev,HMPDM_16_stddev,HMPDM_17_stddev,HMPDM_18_stddev,HMPDM_19_stddev,HMPDM_20_stddev,HMPDM_21_stddev,HMPDM_22_stddev,HMPDM_23_stddev,HMPDM_24_stddev,HMPDD_0_stddev,HMPDD_1_stddev,HMPDD_2_stddev,HMPDD_3_stddev,HMPDD_4_stddev,HMPDD_5_stddev,HMPDD_6_stddev,HMPDD_7_stddev,HMPDD_8_stddev,HMPDD_9_stddev,HMPDD_10_stddev,HMPDD_11_stddev,HMPDD_12_stddev,gender
641,tell me about an event or something that you wish you could erase from your memory,33,394.523,420.353,116.790747193,0.313975996903,0.0558367935661,0.172384754341,0.310224102468,0.136164617497,0.0763820252252,-0.25842905199,0.70763470181,0.448408028203,0.0,-8.15552521011,1.44718599967,0.24060905191,0.240226484313,0.0766564470415,0.092452420995,-0.00733556060014,0.12443641956,-0.000744868128505,0.0855904307451,-0.0329302245792,0.00769641083839,-0.000682930887124,0.0230454480806,-0.00147458034121,-0.0114914570172,0.0163392958289,0.0104576429493,0.00400979434807,0.0216953825137,-0.0117255247887,-0.0053238148335,0.0111017503573,-0.0100304271512,-0.00851933338795,0.0,0.0,0.0,0.0,-2.67258544599e-05,-0.00013284128808,-0.000739123372375,-0.00389067522285,-0.045768412038,-0.172985889173,-0.415279439668,-0.439223118758,-0.0699597912596,0.820134186246,0.812666756821,0.393370520343,0.551716420096,0.676346740807,0.579387079417,0.655111342928,0.68172645228,0.860604040473,0.692803128954,-0.347471369032,0.150335231719,-0.302600555804,-0.918334690787,-0.67708428145,-0.677419526663,-0.606699717056,-0.505284200517,-0.444196427704,-0.373404483665,-0.315482581802,-0.261925970865,-0.205527977401,-0.162079677479,-0.0988971296719,74.4700009493,0.464196609278,0.0554418893666,0.161691211725,5.16530617318,0.173698331984,0.0521836791943,0.164701003373,0.733014769383,0.280867860506,0.0,4.72952786868,1.0395618057,0.398000574804,0.28816344601,0.185252770488,0.212963583239,0.196373875785,0.157731211664,0.146908046638,0.14021503559,0.122007583762,0.1015542984,0.0787718166181,0.0934574121886,0.0877368500697,0.0859558868251,0.0857901193644,0.0751623772698,0.0812707747106,0.0732165982741,0.0632621811539,0.0687513140539,0.0650591552571,0.0580876727453,0.0552117263133,0.0,0.0,0.0,0.0,0.000442546659487,0.00984664694637,0.0177047296208,0.0275329831011,0.0994875065792,0.29922722484,0.668283292809,1.26048610959,1.81947454677,1.84172056478,1.79356150285,1.7798409757,1.84632915285,1.8758558688,1.84554539621,1.77771112092,1.83517610573,1.87096842432,1.73020919333,1.6858888767,1.79234689455,0.464696678172,0.634810696724,0.453429760061,0.416398218689,0.377226156655,0.327178999986,0.287231497889,0.239010665414,0.204720013818,0.175041567604,0.157036571193,0.145807601572,0.135127148861,1
641,when was the last time you argued with someone and what was it about,19,321.123,337.603,128.592536408,0.281553398058,0.03837492565,0.140407036488,1.16403521706,0.097270989995,0.0772878705131,-0.257376396041,0.762872414038,0.445666611298,0.0,-8.3840958262,1.4064994167,0.250433532373,0.247665435043,0.0306362601473,0.107380991032,0.00059004249223,0.140387879055,0.0216238817219,0.0996717409533,-0.0515979127515,0.00422482713301,0.00751938798646,0.0245434347033,0.00674359951152,-0.00378448962733,-0.0134597526211,0.0174781201281,-0.00642840541355,0.0161938842967,-0.000773649949829,-0.016104332629,0.0171999831769,-0.0108787890014,-0.00983562257791,0.0,0.0,0.0,0.0,-2.89346351795e-05,-0.000591403265924,-0.00163684049161,-0.00970299344011,-0.0361645918091,-0.12258111041,-0.327799065571,-0.267776844121,-0.306605885107,0.372216986863,0.758029154912,0.470350699744,0.270533914555,0.229855718099,0.237368088313,0.414697521806,0.463837432042,0.420625833309,0.0319148848262,-0.341153674037,0.0258910908189,-0.284073381309,-0.973275037349,-0.776412126387,-0.723337139473,-0.630328090512,-0.541433301467,-0.462461805501,-0.381106672587,-0.322076252838,-0.258081243568,-0.17780109684,-0.126403951395,-0.0796654686428,77.4981897989,0.449893209552,0.04783595345,0.16529413163,2.93386890124,0.135495239054,0.0495308172324,0.15756966202,0.759141880492,0.262963625218,0.0,4.67582008565,0.998799787636,0.359616849523,0.248139833591,0.177464789846,0.196471789423,0.209920276088,0.170265441422,0.130263062681,0.125235597921,0.116874069168,0.0892656519463,0.084363075338,0.0906052856713,0.0826671315062,0.0832823748009,0.0793750529592,0.0798891971182,0.0743162761051,0.0721945584189,0.0727935553933,0.0665069687867,0.0625836510177,0.0578245164881,0.0523246165287,0.0,0.0,0.0,0.0,0.000260192356599,0.00554021400495,0.0104845012072,0.0347232164902,0.103156089809,0.280560054224,0.638651093967,1.03072247248,1.60139043908,1.91314650245,1.66018997434,1.94083554669,1.87462688626,1.83983081492,1.89727009668,1.84620193443,1.69887352542,1.79705631295,1.71156734486,1.90886770175,1.64282688747,0.405832293597,0.64123305162,0.470343248299,0.433830701738,0.379096251793,0.327597534453,0.274135714604,0.231919132473,0.197280134165,0.175635977457,0.163296455974,0.147999535335,0.136750779958,1
641,tell me about a situation that you wish you had handled differently,3,337.603,356.653,126.032020997,0.181627296588,0.0408686495071,0.126170512414,0.897426205463,0.0828735505522,0.0843420266172,-0.245037175567,0.701898801865,0.435555028613,0.0,-8.50566500691,1.27210708386,0.283275297389,0.269954588966,0.0447049599895,0.142732075779,0.0586826103114,0.16043290701,0.0180461172304,0.0784439812007,-0.0222241370032,0.00599211220183,0.000743311765804,0.0345913032057,0.00843057233742,-0.00123206799999,-0.00882935329275,0.00251257328595,0.00207070869545,0.011962277321,-0.00492789538986,-0.000326248788286,0.0086367817786,-0.00679007819257,-0.01038170777,0.0,0.0,0.0,0.0,-3.23918771312e-05,-0.00111965331072,-0.00375415648971,-0.0125440283502,-0.047798442221,-0.128507846253,-0.254075117537,-0.364231157132,-0.179622670031,0.597387554642,0.503930588945,0.357754091095,0.622099130732,0.223106391991,0.525718903099,0.399522990983,0.310780730802,0.44545202446,0.168485396154,-0.245571806248,0.0177674037192,-0.195845987577,-0.866710384008,-0.735834364977,-0.693486556994,-0.617453488243,-0.531980786943,-0.46624701222,-0.388357553784,-0.318447930814,-0.253990194689,-0.194795848751,-0.143137540401,-0.0979287976666,77.7124326501,0.385638286909,0.051376311818,0.151433686661,3.68860510095,0.124412221533,0.0547813121447,0.156075343306,0.746716964133,0.260368461633,0.0,4.75990442625,0.910101372545,0.28594743448,0.260305255178,0.14824037356,0.20361816697,0.169049712984,0.168074573099,0.1304144033,0.110415246828,0.0905165143596,0.0865876980784,0.0698232230517,0.0817678124471,0.0772462374452,0.0725370544944,0.0712772476358,0.0645994222083,0.0615099615574,0.0603831236389,0.0600416066467,0.0623544201732,0.0523574364084,0.0501591097549,0.053161956434,0.0,0.0,0.0,0.0,0.000583498068037,0.00879515293932,0.0166550974229,0.0349398256017,0.118327510119,0.297079659456,0.573926243064,0.935237124479,1.54515494662,1.73682006815,1.81374861866,1.82959157711,1.88329451866,1.84954368463,1.75716743317,1.67866941126,1.89102289196,1.74009003953,1.7511180899,1.74600207313,1.82170732764,0.299564815455,0.563313578717,0.457726519783,0.419417071423,0.371488144412,0.319664851566,0.274313208168,0.231851805603,0.196864998322,0.168903628037,0.150759016486,0.144223888246,0.133613849031,1
641,who's someone that's been a positive influence in your life,18,606.813,631.633,nan,nan,nan,nan,nan,nan,nan,nan,nan,nan,nan,nan,nan,nan,nan,nan,nan,nan,nan,nan,nan,nan,nan,nan,nan,nan,nan,nan,nan,nan,nan,nan,nan,nan,nan,nan,nan,nan,nan,nan,nan,nan,nan,nan,nan,nan,nan,nan,nan,nan,nan,nan,nan,nan,nan,nan,nan,nan,nan,nan,nan,nan,nan,nan,nan,nan,nan,nan,nan,nan,nan,nan,nan,nan,nan,nan,nan,nan,nan,nan,nan,nan,nan,nan,nan,nan,nan,nan,nan,nan,nan,nan,nan,nan,nan,nan,nan,nan,nan,nan,nan,nan,nan,nan,nan,nan,nan,nan,nan,nan,nan,nan,nan,nan,nan,nan,nan,nan,nan,nan,nan,nan,nan,nan,nan,nan,nan,nan,nan,nan,nan,nan,nan,nan,nan,nan,nan,nan,nan,nan,nan,nan,nan,nan,nan,nan,nan,nan,1
641,how would your best friend describe you,35,631.633,644.863,nan,nan,nan,nan,nan,nan,nan,nan,nan,nan,nan,nan,nan,nan,nan,nan,nan,nan,nan,nan,nan,nan,nan,nan,nan,nan,nan,nan,nan,nan,nan,nan,nan,nan,nan,nan,nan,nan,nan,nan,nan,nan,nan,nan,nan,nan,nan,nan,nan,nan,nan,nan,nan,nan,nan,nan,nan,nan,nan,nan,nan,nan,nan,nan,nan,nan,nan,nan,nan,nan,nan,nan,nan,nan,nan,nan,nan,nan,nan,nan,nan,nan,nan,nan,nan,nan,nan,nan,nan,nan,nan,nan,nan,nan,nan,nan,nan,nan,nan,nan,nan,nan,nan,nan,nan,nan,nan,nan,nan,nan,nan,nan,nan,nan,nan,nan,nan,nan,nan,nan,nan,nan,nan,nan,nan,nan,nan,nan,nan,nan,nan,nan,nan,nan,nan,nan,nan,nan,nan,nan,nan,nan,nan,nan,nan,nan,nan,nan,1
641,tell me about your relationship with your family,25,270.883,289.193,122.041507373,0.209721463681,0.0474091790007,0.149572458372,0.0715016651399,0.0883329174152,0.0834636871572,-0.259282263415,0.760192410715,0.453170256798,0.0,-8.64832678186,1.36565437372,0.285287764807,0.294483142847,0.0523499637899,0.126436977573,0.0439151819105,0.168993787849,0.0211550064065,0.0898286160585,-0.0309186389494,0.00400121114669,0.00481973870361,0.0418588028262,-0.00115263529845,0.00185464830572,0.00142693406431,-0.00722301600711,0.00171093552222,0.0108989767867,0.000387720150154,-0.00942237099083,0.0095477280091,0.0033104067158,-0.0143731026946,0.0,0.0,0.0,0.0,-1.03681438643e-05,-0.00117681347008,-0.00193599140837,-0.00601874989722,-0.0523616528666,-0.165601587295,-0.355974094234,-0.307004072698,0.691514460572,0.941901847927,0.861008020753,0.644948132764,0.869728598959,0.669771363174,0.851326104577,0.555807372297,0.362780848647,0.75426424682,0.171846249922,-0.11231874225,-0.0379043972367,-0.199648468348,-0.858727624398,-0.714213203398,-0.674742552575,-0.612172626888,-0.544241632975,-0.480844052659,-0.406351887041,-0.348241901776,-0.289833905762,-0.22844947274,-0.175275041962,-0.125919666582,73.7930566929,0.407220995,0.0537877380689,0.174950671843,4.21008864391,0.125347188457,0.0547354323629,0.156386681357,0.761848671196,0.269944473214,0.0,4.70226446928,0.923264609718,0.329131841336,0.27346021888,0.16078798464,0.194195010477,0.171918112565,0.16341067875,0.11410365966,0.113551760386,0.108164799736,0.0886038982553,0.071747573253,0.0697358970698,0.0738102202682,0.0634964359758,0.0744369371668,0.0599058034181,0.0566494895857,0.0560421460698,0.0578555919909,0.0581577828049,0.0530099216459,0.0538499864079,0.053777497777,0.0,0.0,0.0,0.0,0.000506304945287,0.00943036383172,0.0178231518474,0.0290421515301,0.115477468992,0.338238147234,0.735412661963,1.28708648809,1.51975454411,1.54432653148,1.65445770581,1.69528627939,1.75628140389,1.85942214602,1.70994987247,1.83828431069,1.77298935549,1.70778042994,1.92467975666,1.70172091161,1.74805739059,0.322191476615,0.550325794873,0.425578449363,0.396940001653,0.360580855419,0.317307051727,0.278765067138,0.235585602623,0.201733025079,0.172777949789,0.154442040928,0.140040482337,0.123841966552,1
641,tell me about something you did recently that you really enjoyed,39,644.863,658.833,nan,nan,nan,nan,nan,nan,nan,nan,nan,nan,nan,nan,nan,nan,nan,nan,nan,nan,nan,nan,nan,nan,nan,nan,nan,nan,nan,nan,nan,nan,nan,nan,nan,nan,nan,nan,nan,nan,nan,nan,nan,nan,nan,nan,nan,nan,nan,nan,nan,nan,nan,nan,nan,nan,nan,nan,nan,nan,nan,nan,nan,nan,nan,nan,nan,nan,nan,nan,nan,nan,nan,nan,nan,nan,nan,nan,nan,nan,nan,nan,nan,nan,nan,nan,nan,nan,nan,nan,nan,nan,nan,nan,nan,nan,nan,nan,nan,nan,nan,nan,nan,nan,nan,nan,nan,nan,nan,nan,nan,nan,nan,nan,nan,nan,nan,nan,nan,nan,nan,nan,nan,nan,nan,nan,nan,nan,nan,nan,nan,nan,nan,nan,nan,nan,nan,nan,nan,nan,nan,nan,nan,nan,nan,nan,nan,nan,nan,nan,1
641,do you consider yourself more shy or outgoing,24,270.213,270.883,130.23880597,0.686567164179,0.0873778966052,0.335691509944,2.0727159176,0.168608400114,0.113082938417,-0.30490424348,1.0965318276,0.714492051877,0.0,-9.81817281635,1.73255894673,0.278381698135,0.197196219781,0.22661800476,-0.00996973734178,-0.199962110744,0.256234414684,-0.0759427582036,0.0331924251372,-0.090382195436,-0.0856318020706,0.0103671359176,0.046096041805,-0.0423381108935,-0.0820716226344,0.131488027296,0.0453561174917,-0.103612548031,0.0426347271025,-0.0125887218999,0.0479085306791,-0.00256505291791,0.00615274844301,-0.0677743784895,0.0,0.0,0.0,0.0,-0.000490442577668,-0.00543220476884,-0.00994091998003,-0.0201487692724,-0.193422582358,-0.636278864663,-1.37508243872,-1.78524061739,1.05079478567,2.41751881176,2.25891501341,2.68924555671,2.52672305749,2.66044864536,2.50956647791,2.66866266226,2.33160494121,2.23515693128,2.4054105414,0.25424943318,1.33210767845,-0.697828865663,-1.5030229238,-0.711502948765,-0.625091273123,-0.683043474935,-0.490245446129,-0.461364089445,-0.497794802602,-0.384492299386,-0.304140629526,-0.305019356604,-0.250208010739,-0.186017271263,36.1218852289,0.467389760909,0.0518774429273,0.11990995143,2.3128481829,0.0983305616423,0.0504357850508,0.187558278882,0.558189930873,0.156858698549,0.0,0.497827844949,1.51801949087,0.518916601947,0.286078152459,0.160124687677,0.103950935537,0.187868667147,0.133571372767,0.119858144326,0.184591293892,0.108668314009,0.164409562623,0.067618303388,0.098591840921,0.102746055409,0.0994854639518,0.0724249281713,0.0895511922843,0.0844106005208,0.0874763731722,0.0561738884694,0.108725374217,0.0484472339238,0.0807916375646,0.0553189580086,0.0,0.0,0.0,0.0,0.000438279781239,0.00486171841373,0.00818136972335,0.0154439383837,0.115781681532,0.274898856077,0.468220661552,1.08771721363,2.00834696106,0.376472464924,0.253516365768,0.152935538234,0.316384045899,0.0469897407143,0.277066264391,0.23199401615,0.346852810211,1.62291829232,0.25569419414,1.49056256966,1.76149066022,0.634630314059,0.648740471782,0.173758520038,0.218667237633,0.127046010714,0.166685959741,0.185279346913,0.122328639734,0.0787386925791,0.138273259366,0.0864796270267,0.0739840755989,0.100995803952,1
641,when was the last time you felt really happy,8,577.313,606.813,97.7529976019,0.10071942446,0.0119352553273,0.0537165594268,0.212212039922,0.069257527776,0.0676492982005,-0.16143496073,0.498654862722,0.287326839457,0.0,-6.11419603699,0.821002796486,0.205951952,0.146937564444,0.0300803051525,0.0746583250015,0.0669338587387,0.10306125452,0.0178283581227,0.0459138198413,0.00394518386655,0.0181235063659,-0.0199166115593,0.0346488641046,0.00873634855147,0.0053798976465,-0.0153654715669,0.00182996051154,0.00369774932544,0.0217756461726,-0.00613771209367,-0.00818097981197,-0.00732275491292,0.00454212892715,0.00103182654956,0.0,0.0,0.0,0.0,-1.12382528763e-05,-0.000173891376596,-0.00133375826095,-0.000234001898806,0.00419654619783,0.00688924828801,-0.0179077273228,-0.116099180936,-0.283348239763,-0.262180467403,0.31160045948,0.0672297643103,0.323341041896,0.356494255417,0.408489597068,-0.0238744029315,0.0562368603214,0.405111390015,0.232450780513,0.0576931516079,-0.0697558469156,-0.102690482554,-0.605787185977,-0.57584051141,-0.528472054708,-0.475299378185,-0.411097301466,-0.346868716695,-0.282961735088,-0.216578974583,-0.165924114385,-0.124211317004,-0.0812858554438,-0.0484601946927,94.6834057263,0.301137436259,0.0247501421268,0.118441857048,2.22169422267,0.148910146995,0.0653165792266,0.15366405202,0.717424844726,0.271742626599,0.0,5.70038904438,0.80295381443,0.261509617541,0.209955020508,0.116713713047,0.160781092441,0.11323613033,0.135062335084,0.084700661922,0.0885343095701,0.0798553671031,0.0743803235364,0.0767628254807,0.0634313986289,0.0601646011521,0.0507813302585,0.0492948194921,0.0457136167589,0.0473393388846,0.0497317960784,0.0397739013586,0.0391197271207,0.0461811930324,0.0413333487651,0.0320867426603,0.0,0.0,0.0,0.0,7.79397317691e-05,0.00180904968914,0.00535994909319,0.0110753592072,0.0214565107379,0.0384553178359,0.11002252739,0.278971215089,0.632728943645,1.04522988391,1.41491539372,1.38118714512,1.4421452516,1.15425013252,1.11038117509,1.38426228892,1.36179229179,1.14528208545,0.925345138114,1.36888775156,1.13755997899,0.135057517926,0.589158089494,0.558310146728,0.510213974179,0.454170379216,0.389115937454,0.325988647586,0.267719918666,0.212769374977,0.173847088498,0.153715613168,0.136032578798,0.121725800084,1
641,have you been diagnosed with depression,42,570.153,577.313,173.266061453,0.0824022346369,0.0197784217473,0.0518924905612,0.91964644512,0.0246028099991,0.100939721763,-0.318932982559,0.865972665362,0.541271337183,0.0,-11.447670145,1.57146227967,0.349577507973,0.350850707986,0.0935501277907,0.18501839625,0.146421985182,0.240825992706,0.0477583101322,0.105213218869,-0.0235664743525,0.0159723403915,-0.0042585796177,0.0482892273515,-0.00898581714122,0.0130341695152,-0.00487787552029,-0.00650882622567,0.0186428331605,0.0236778455132,-0.0209239717106,-0.0113811881154,0.0237370829718,-0.019981523239,0.00112386278701,0.0,0.0,0.0,0.0,-0.000235015955533,-0.00343109225402,-0.00711900504707,-0.00756212113154,-0.0197125017038,-0.0632696675552,-0.150123975033,-0.130111003853,-0.230332561676,0.375551885433,0.181365891631,-0.0755853713884,0.0420004408285,0.256220224978,-0.00766350685766,0.0865988720515,0.515306833242,0.644933505816,0.445534358038,0.135806651191,0.430559198706,-0.168352168615,-1.02226830222,-0.930846446671,-0.883765365228,-0.801149121578,-0.701202827868,-0.609853816081,-0.504277880001,-0.419512530557,-0.336607540688,-0.275137197928,-0.216933112214,-0.153239257697,40.8420643111,0.275168780136,0.0511711554225,0.131364551197,3.20144937992,0.0643669386511,0.0476181896535,0.0512588427276,0.745282555641,0.0942996047124,0.0,0.639388405559,0.369286114516,0.207985674388,0.16380629347,0.141613242989,0.155252275181,0.121406152782,0.110964096432,0.10183627634,0.0921445136431,0.0950863828566,0.0767025980104,0.0863554984294,0.0744683269616,0.0687831096775,0.0657433781357,0.0653775908038,0.0627355661198,0.0556562099714,0.0529699545671,0.0614757078955,0.0661168076585,0.0630124003919,0.050311507391,0.0433542459985,0.0,0.0,0.0,0.0,0.000979024092334,0.0121001237274,0.0229686070757,0.0318405261421,0.0641959929662,0.175079649988,0.454181324834,0.84511665098,1.26093231457,1.73522414653,1.99327576866,1.81940202353,1.93461589497,1.60486121253,1.93295506888,2.1354039967,2.02640914162,1.85834697303,1.93912829624,1.58559630833,1.58156405297,0.24767959366,0.24908474501,0.234137716087,0.18797901294,0.155826936711,0.128465279975,0.0947275020205,0.0778755331378,0.0710152321968,0.0907022533699,0.100811829398,0.117926064153,0.121025799391,1
641,how easy is it for you to get a good night's sleep,5,536.803,552.703,120.933333333,0.166666666667,0.047355286313,0.118002856339,0.681959410001,0.0555627814189,0.0798627109895,-0.253122931668,0.678515267973,0.440416104223,0.0,-8.45128466622,1.34846751599,0.256807438894,0.265873572933,0.035690093193,0.141924723692,0.0909894905778,0.140232394779,0.0242968482486,0.0985838947318,-0.01523060822,0.00333738913127,-0.00226670952669,0.0413505779872,-0.016441225089,0.00230178736665,0.00338173597068,-0.00265586528296,0.0133688892302,0.0182579054411,-0.00904584370112,-0.000995948221523,0.0107862907601,-0.0112274206818,-0.011330571375,0.0,0.0,0.0,0.0,-0.000158602445062,-0.00245853313952,-0.00456097414058,-0.00841141169911,-0.0562394426263,-0.157594745139,-0.275969153477,-0.3630194187,0.0715324750514,0.270158431685,0.329684088367,0.440469301242,0.684852625319,0.736267878824,0.431938727262,0.575398948869,0.400862816243,0.723842185805,0.441104035245,-0.0766741206657,0.209614030184,-0.224187899287,-0.871726780682,-0.695338896129,-0.645520478511,-0.577856635363,-0.509633542663,-0.449854878446,-0.37531172795,-0.331116719749,-0.27330114024,-0.216141563324,-0.169596416294,-0.129874553777,77.0142256903,0.372795245898,0.0627221230191,0.149507661083,3.32649086035,0.0786271667937,0.0506165323273,0.155457148364,0.741510834615,0.269830589407,0.0,4.78650385921,0.942097885374,0.287703897191,0.26735143358,0.204875583938,0.221207789819,0.159138321974,0.16988367004,0.143286677299,0.130119359779,0.110233161046,0.0954717576041,0.100018088599,0.105725126844,0.0999499780065,0.0815334956723,0.0817213171197,0.0750311335452,0.0671495913008,0.0701398437876,0.0620420939302,0.0712250423628,0.0609520332878,0.0567203543771,0.0626792075785,0.0,0.0,0.0,0.0,0.000645295204465,0.0105747327536,0.022065688088,0.0339924206092,0.11564861588,0.317876375773,0.622098291927,0.996853483293,1.50053421523,1.71036274257,1.83990328841,1.81417413096,1.77479952749,1.67949422672,1.72970865408,1.73761748574,1.89229210512,1.48551652567,1.76834601603,1.74573681118,1.6691910783,0.390576700511,0.60195930381,0.424607732365,0.397973626103,0.354550041938,0.315834350393,0.273507017086,0.2349701882,0.198278191815,0.166705133733,0.148191481705,0.130086334831,0.126439185611,1
641,how have you been feeling lately,2,495.413,510.683,142.43745907,0.32416502947,0.0448204807865,0.146020341569,0.847894549059,0.0947323335474,0.0918885156664,-0.319606831448,0.860719592015,0.553733814061,0.0,-10.0977253333,1.73840285063,0.32310425167,0.370642560488,0.101484016989,0.154867525837,0.0468455281783,0.164178553907,0.00718528275809,0.118389279649,-0.0480311453579,0.0144448786867,0.000595054954001,0.034722509503,-0.00776429124215,-0.0197684887528,0.0258090419606,0.000981520190419,-0.00257801621539,0.0286214802294,-0.0118982097052,-0.0127347314205,0.0305654675957,-0.0189954111707,-0.0109505878056,0.0,0.0,0.0,0.0,1.55928544585e-05,1.69941525336e-05,0.000436103471613,-0.0105200169415,-0.0815425624523,-0.280430431365,-0.588712570938,-0.433832421372,0.377952037577,0.841651537197,0.773151284113,0.807564275917,0.806456711671,1.1256740517,0.435692722185,0.793436700255,1.17880714823,0.668348923669,0.323753210403,-0.0636599441226,-0.242834427285,-0.341707425571,-1.15530954977,-0.896580974039,-0.80649230298,-0.716713993783,-0.637807226621,-0.545944620373,-0.454403697248,-0.400284199674,-0.328095110464,-0.258282266215,-0.195934738647,-0.124739238986,54.0145833503,0.468215366435,0.0556683762469,0.170817324289,3.07971666005,0.122771489265,0.0399351365303,0.11985539083,0.705498883195,0.19928232559,0.0,2.90620337847,0.793387666716,0.30638516425,0.311506268597,0.186886866323,0.263181966114,0.209162445007,0.207688411763,0.160416780886,0.12111903979,0.147547451144,0.0899338046114,0.0865866764606,0.0962047988489,0.0805167590339,0.0919693295189,0.0922191663256,0.0721778969971,0.0687135457936,0.0720143773717,0.0683250626003,0.0803511744022,0.0694169387468,0.0643401492837,0.0553335700312,0.0,0.0,0.0,0.0,0.000383020253987,0.00675381710895,0.0128033325689,0.0329073919594,0.136060854596,0.397699101561,0.830253696962,1.45367004466,1.83460621545,1.78920175896,1.87562574413,1.92542645561,2.0098406852,1.84283262847,2.16163733187,2.05954639804,1.77894116924,2.059606461,1.90163446891,1.76275341182,1.72889791486,0.427400134848,0.517743755947,0.311955039168,0.284613273902,0.266980618331,0.227553253713,0.217076690605,0.200537202624,0.141863749786,0.124047345791,0.124078736993,0.112888159079,0.118046814089,1
641,sometimes when i'm feeling tense i turn on the fish tank screensaver hey i know it's not hawaii but it's the best i've got what do you do to relax,36,289.193,307.383,120.388125344,0.289169873557,0.0474024877662,0.164636035856,0.857303759952,0.12415046925,0.082211011402,-0.26310399562,0.795067505099,0.46805342238,0.0,-8.47420796991,1.42101464968,0.279607021962,0.236915712892,0.0207889362494,0.0910356617949,0.00464091911435,0.12098990666,0.0253963166967,0.0722200414319,-0.0324204559052,0.016965031668,-0.0036976625097,0.033465287957,-0.0124922969583,-0.00217925100098,-0.00651860575157,-0.00315711760243,0.00142854460416,0.0157007986285,0.00838447854021,-0.00778318601938,0.00456101627543,0.00478391506741,-0.0137661107046,0.0,0.0,0.0,0.0,1.70472026704e-05,-0.000144601910922,-0.00112095702597,-0.00916988456594,-0.0731604801383,-0.211523358026,-0.415504686845,0.020554255517,0.713980258553,0.932115156545,0.73250848548,0.782470664292,0.58012460028,0.999251458709,0.928046394275,0.610837261865,0.556403277938,0.774779820998,0.548947517989,0.111551923004,0.163773084188,-0.250051252379,-0.920257580416,-0.719516430587,-0.668992144494,-0.610498416446,-0.528023900923,-0.459760134631,-0.392733493312,-0.329798466607,-0.26682324545,-0.204757209344,-0.155662229124,-0.101434850622,74.3251855985,0.453501622877,0.0526953191031,0.170175731357,3.70076718965,0.157378398905,0.0523987914796,0.164793026631,0.758956521708,0.284372536103,0.0,4.65763183457,1.01764992568,0.332544788,0.281808507923,0.175453893878,0.199255845261,0.195756478836,0.164792503572,0.121604747495,0.11586735425,0.10737085064,0.0946938523117,0.0861079004475,0.0832247439524,0.0823911163238,0.0749463142331,0.073545924294,0.0664265951765,0.0718769056638,0.0708484430842,0.0638304390513,0.0642085519867,0.0553346122415,0.0564765865713,0.0541205537064,0.0,0.0,0.0,0.0,0.00116732692453,0.0134256669127,0.0237416959993,0.0350361789722,0.136476387461,0.364833818487,0.785368908656,1.46253557215,1.62150618209,1.6405982256,1.69251854015,1.77364739297,1.88336778437,1.61174282099,1.61324035067,1.72407671367,1.85293374042,1.63035570448,1.5922173043,1.77302633697,1.74822955322,0.358323955151,0.605535590604,0.447678853361,0.410810106488,0.366262164715,0.319841709229,0.276564922391,0.229319194649,0.19536007236,0.168558614001,0.153823408259,0.142705453324,0.139306126556,1
641,what's something you feel guilty about,1,356.653,379.183,130.167554372,0.311140701287,0.0521150179092,0.185344999334,0.0591519716081,0.113739730096,0.0806816706563,-0.278123276006,0.828221492582,0.511660165216,0.0,-9.09811491576,1.51245208912,0.295532268644,0.274975333313,0.0573462715859,0.108042011292,0.0413150173542,0.149331100033,0.0093668664401,0.0984780548692,-0.040028848861,0.00355637541305,-0.00372535858207,0.0339191249055,-0.00501060024377,-0.018662988383,0.00619429423276,0.00184346430741,0.00104272339669,0.0219708533496,-0.00245914641034,-0.00885758855819,0.0118343227808,0.000260880406702,-0.0168645024015,0.0,0.0,0.0,0.0,-1.70404859834e-05,0.000358025254437,0.000452777316918,-0.0231129243857,-0.106546555283,-0.28241843782,-0.49311224787,-0.0238714839345,0.425856772273,0.744147211634,0.608202492343,0.794104940134,0.759986423532,0.564731329835,0.763568274756,0.737695675333,0.469520610124,0.648131042102,0.373826751351,0.205729307269,-0.131222730222,-0.295725192993,-1.00611728303,-0.776273011558,-0.720936796651,-0.636165110036,-0.547577934066,-0.48167875244,-0.398612204298,-0.336141457984,-0.282552615351,-0.215829850661,-0.161734465691,-0.115151359759,71.5551216502,0.463062997259,0.0528314981839,0.174376265383,3.61288163102,0.136558516967,0.0467402208563,0.148259131196,0.738309987299,0.272819530452,0.0,4.22592080399,0.929246689271,0.332296474773,0.283373671705,0.177069770158,0.211831490153,0.186978295841,0.165878484678,0.144741566086,0.11665236987,0.109972209652,0.0976167518363,0.0792516120848,0.0830166047301,0.0782518285199,0.0870026569085,0.0904619302148,0.071114978716,0.0654046116779,0.0639603333912,0.061021154351,0.0620225450503,0.0617749689569,0.0511031037008,0.0544725191076,0.0,0.0,0.0,0.0,0.000523367495887,0.00746336506529,0.0155130344818,0.0637594449487,0.200883484172,0.495004164025,0.981626374221,1.41785336426,1.67733044004,1.71015322228,1.85186026718,1.76078322394,1.90401468622,1.90021972012,1.77564125831,1.79566920927,1.90696480703,1.87965707201,1.86551753862,1.86110400275,1.90427807928,0.368358805242,0.56607099525,0.42290770535,0.38222186495,0.342532098441,0.297913680703,0.245861171782,0.206646379851,0.174719628288,0.160265521531,0.150571128331,0.146434814788,0.143903456791,1
641,have you ever been diagnosed with p_t_s_d,12,563.453,570.153,133.129104478,0.158208955224,0.00939057015072,0.0342652997003,-0.303132790075,0.0861768253689,0.0839742273592,-0.230975048776,0.679368405693,0.395696172166,0.0,-8.44339896469,1.1914565676,0.283356285348,0.23590784582,0.0425595717386,0.139193413401,0.0711577900329,0.120884708745,0.0460489941997,0.089501746395,0.000744447715376,0.0195010950059,-0.00775963953706,0.0533210276244,0.00937023849666,0.00184232186879,-0.00739995227764,0.00492770606581,0.00150854007084,0.0216911295414,-0.00989671055784,-0.00508383650302,-0.00326188911659,-0.00193863893043,0.00556269536763,0.0,0.0,0.0,0.0,-0.000149553092242,-0.00135715275679,-0.0029274962084,-0.00188144091612,0.00342235797167,0.00526269642593,0.00310234514,0.0595241157112,0.275505957942,0.579538554032,0.0999035641975,-0.23631025246,0.076442418526,-0.0379917821434,0.405737027425,-0.175458620112,0.563069734352,-0.752142088175,0.160309491819,-0.00307675394658,0.364501384344,-0.0993007465677,-0.765788177288,-0.729943691906,-0.67046733256,-0.607035009903,-0.541573510842,-0.466488879755,-0.39791489813,-0.326551759029,-0.25612417911,-0.207110844108,-0.154466968099,-0.11932314998,84.2803979258,0.365209464942,0.0225702805657,0.0817224520712,2.85666281617,0.195227967274,0.0608131517392,0.140101999674,0.786406181865,0.237600693813,0.0,4.95453968864,0.761561001608,0.23800611113,0.198233771962,0.139984048997,0.176179912104,0.150726272829,0.188783481935,0.0987791180319,0.10274148449,0.0818293829,0.077209667703,0.0687342728616,0.0783897673593,0.0695361981914,0.0680443998893,0.0598078548509,0.0597737978245,0.0641422563693,0.0532766373847,0.0559401682192,0.0535575862839,0.0526587046804,0.04676656719,0.0457977126012,0.0,0.0,0.0,0.0,0.000476549476586,0.00739760542647,0.012707029939,0.015842015175,0.0181117012753,0.0475839533313,0.102073244204,0.271608666621,1.13104570713,1.58346182301,1.53316739552,1.66291837495,1.61765952329,1.50739857653,1.18410887946,1.4960803165,1.67078844036,1.26790190473,1.74360369147,1.31033178766,1.74823756274,0.127431518888,0.492677226507,0.45805162827,0.412206006042,0.370241639886,0.327029470821,0.281118063281,0.23872624654,0.197452344376,0.162216792342,0.143229672164,0.134570405618,0.126121594496,1
641,tell me about the hardest decision you've ever had to make,21,379.183,394.523,123.693937419,0.183181225554,0.0334855468936,0.0974542024074,-0.351055988137,0.0714385938381,0.0856137619371,-0.233263560612,0.660179432976,0.401982972607,0.0,-8.07451340619,1.2475983502,0.292707898858,0.253132896871,0.0369875234035,0.132794303073,0.0679843206576,0.126821072771,0.0303156438894,0.0775273937699,-0.00687179502259,0.020068805216,-0.00240123982858,0.0277808771655,0.00224995046305,0.00863632089689,-0.00968438140983,-0.00206472457149,0.00438136750194,0.0167941969892,-0.00710731710945,-0.00197441891438,0.0053701746166,-0.00402719894583,-0.00380722226002,0.0,0.0,0.0,0.0,5.35283916614e-05,0.000482615436032,-0.00125699200962,-0.00349192757386,-0.0193307774918,-0.0806032823365,-0.177317318249,-0.312541064272,-0.20510923881,0.344983773528,0.339423857247,0.432470058227,0.259204697083,0.300840273513,0.43427741281,0.350449942638,0.106339613973,0.0313835073298,0.476903707575,-0.184137508202,-0.186569204894,-0.161704680875,-0.805403017826,-0.714186303844,-0.67265763222,-0.605359869775,-0.528194105267,-0.458460986346,-0.376947874286,-0.303040228235,-0.240776732156,-0.179837170195,-0.132730865407,-0.0869614862184,83.1703607451,0.38694116796,0.0432145795657,0.123032263611,2.58432532987,0.113390031784,0.0577029077431,0.160456164652,0.75882882908,0.263746934279,0.0,5.03363251211,0.955791359161,0.313646154519,0.255390838559,0.184571065869,0.202787195795,0.15757914625,0.177151318238,0.127841340636,0.118232029785,0.100106651343,0.0940317885935,0.0868289450843,0.0834900734912,0.0817660687562,0.0737325512029,0.0742214026351,0.0667061314406,0.0647822943409,0.0613326859304,0.0638828439846,0.060680140478,0.0551470835151,0.0546878934475,0.0510892376323,0.0,0.0,0.0,0.0,0.000217840092555,0.00580356036669,0.0154849834073,0.0291029123385,0.0515894090416,0.153399005029,0.350862161876,0.696426648833,1.39396649988,1.75061514755,1.73830083754,1.61010048071,1.71145079654,1.67234840694,1.78217114325,1.71945174823,1.79980640274,1.70518548707,1.59736301135,1.58359781156,1.76357308682,0.247263433554,0.558503214853,0.484465875116,0.445889331314,0.395387731443,0.34464563745,0.293432902225,0.243443804552,0.201253468034,0.173726335751,0.157779264135,0.152740552913,0.141557878911,1
707,who's someone that's been a positive influence in your life,18,728.347,772.307,124.971792539,0.302775250227,0.0613657430065,0.189242466752,0.140572175961,0.154327866782,0.0969997252073,-0.311825901776,0.840776344912,0.504005844947,0.0,-9.17597732606,1.74031498378,0.283579195711,0.195333091774,0.0299649690209,0.100760992842,0.0189034469122,0.159029844034,-0.0450949442115,0.0675088858783,-0.020568375137,0.0424953094933,-0.027778300535,0.0479708940897,0.00802042715327,-0.00431015571495,-0.0255254114659,0.00172018436603,0.0105129178812,0.00750736372663,-0.0135866940023,0.0133909433096,-0.00990985857463,-0.00739585407385,0.0175945752033,0.0,0.0,0.0,0.0,0.000514707301609,0.000445284786485,-0.00541352548466,-0.0293493985044,-0.111322733321,-0.296447241285,-0.486044018918,-0.320396837578,0.319574016636,0.719045418805,0.884142220407,0.348345021852,0.453644261568,0.749662442627,0.682505050108,0.804145369522,0.569404074879,0.422831396728,0.701320512221,0.103073793077,0.282753592098,-0.259500045016,-0.925797186243,-0.736231174133,-0.659598054089,-0.623212360022,-0.520603171916,-0.43703250457,-0.403728233639,-0.348417304946,-0.313176038382,-0.275198385617,-0.22522716512,-0.163539202776,64.4425787957,0.459511077644,0.0556092509379,0.159475352654,5.18204103026,0.181651106879,0.0513878900032,0.149579964975,0.738044270898,0.23372900914,0.0,3.87435696105,1.04570785688,0.330216179579,0.327184067132,0.254771194354,0.259105758462,0.224655196194,0.181126953231,0.155611754748,0.135527970831,0.120036118829,0.115308422677,0.125778337493,0.111216826593,0.0868565512777,0.0857247853773,0.0798133395772,0.0771685343016,0.0760793824709,0.0707649008122,0.0692718608088,0.0709887238392,0.0671411512523,0.0590569238121,0.0591158182601,0.0,0.0,0.0,0.0,0.00284372462749,0.0122566930253,0.0281235287954,0.078527538648,0.203903989401,0.487283592462,0.919613047543,1.44211387124,1.8269845851,1.87105350828,1.65002158579,1.85988196661,1.9187535455,1.81532536319,1.9144115477,1.80429233445,1.81976112053,1.99239526856,1.844377906,1.99105061977,2.17796447898,0.408813233355,0.537323507683,0.357777243831,0.320532287909,0.298402035336,0.259996436308,0.237702252899,0.198242832601,0.176783523238,0.158949876599,0.148081595888,0.141686968832,0.136866193025,1
707,how would your best friend describe you,35,772.307,785.957,118.33040293,0.624908424908,0.0983882218025,0.319812813229,0.517427735124,0.146892111978,0.101707823878,-0.390521930654,1.14026919178,0.680578290843,0.0,-10.1421906869,2.39775573721,0.374554518315,0.167159381696,0.0791105480204,0.0625264309611,-0.0864373960964,0.199176961971,-0.107535392344,0.0968938954661,-0.0568897621854,0.0855611782933,-0.0533668472006,0.0323461501466,-0.00243097787185,-0.00614162430456,-0.0541652634813,0.0153841205024,0.00619915009308,-0.00903037804355,-0.0287825274883,0.0300262505182,0.000958092103192,-0.00853679792487,0.0286486541929,0.0,0.0,0.0,0.0,-0.000380804389712,0.000851259250251,-0.0252606861295,-0.144209150079,-0.417497843713,-1.00742307184,-1.16695735164,1.51387865995,1.957691898,1.96744526491,1.51730804691,1.63651596822,1.91553847491,1.76104970679,1.78705749233,1.85283945717,1.78546018266,1.23421855222,1.46239529524,0.722461632716,0.378469828205,-0.449225937827,-1.15421336168,-0.794619934327,-0.652566101678,-0.639046250182,-0.539917902382,-0.45926026435,-0.445383214262,-0.39432072194,-0.401542722829,-0.367131602201,-0.342593549074,-0.248195233706,38.0764009345,0.484323994186,0.0489999357424,0.14318196074,5.58486525732,0.0743649345951,0.0194083849949,0.086091408841,0.60066708958,0.146912028699,0.0,0.900462927691,0.875358611999,0.446336094636,0.422286205693,0.317915286715,0.257202972027,0.228262003735,0.225522021013,0.19117639324,0.195200257364,0.152130852553,0.170452922643,0.153402731305,0.148849822892,0.118335472383,0.116365048217,0.10746522113,0.095568644577,0.0950759976131,0.0970980667128,0.0947319484064,0.0798678483196,0.0862191654946,0.0772821575619,0.0762792562551,0.0,0.0,0.0,0.0,0.00350711117519,0.014867396868,0.0546632312381,0.14776303671,0.307388864745,0.636400295372,1.76842912229,1.63752613287,0.924326950714,0.953597941841,1.72469103847,1.48568628659,1.20658901295,1.50371256902,1.44081686794,1.39260993078,1.43957234759,2.12781686685,2.09935385765,2.42406069658,2.60395811966,0.41744447649,0.391155083884,0.153513092653,0.159896789755,0.141223213047,0.138508356148,0.156640445889,0.115165737762,0.104522748759,0.0929239988036,0.079986293756,0.0853441186954,0.112157280864,1
707,sometimes when i'm feeling tense i turn on the fish tank screensaver hey i know it's not hawaii but it's the best i've got what do you do to relax,36,220.847,236.797,119.391222571,0.246394984326,0.0420425880665,0.139905147658,0.323245319156,0.10008643906,0.0774698689851,-0.272143410489,0.766415593666,0.444459655266,0.0,-8.50576807375,1.41699580582,0.302518686974,0.215164779829,0.0724766297961,0.101060780954,0.00962224640782,0.134135955121,9.09943114247e-05,0.072544541389,-0.0186580981187,0.0283744030219,-0.0294634646931,0.0280657516615,0.000630313681419,0.0137139471331,-0.0111005193604,-0.0108888259214,-0.00308596503742,0.00975013544852,-0.000212255424861,0.00476067371984,-0.00282337909418,-0.00713790785763,0.00343242194372,0.0,0.0,0.0,0.0,0.000159053593701,-0.000147012931341,-0.00815717356061,-0.0389688643075,-0.107020552099,-0.231045459655,-0.25876356658,0.305169875711,0.231720765575,0.191590099336,0.255573808485,0.576042934119,0.3213523489,0.30870200202,0.333178052011,0.3946527253,0.512860697477,0.424713996242,0.244044578464,0.308476056247,0.242354892562,-0.223275071239,-0.884860946946,-0.741468719101,-0.664548682752,-0.609934852989,-0.515804320744,-0.434789815342,-0.367997721502,-0.290905156077,-0.238392000057,-0.196864526235,-0.152592365394,-0.0894599935385,77.8370957431,0.431046384594,0.0515802980307,0.160067990704,4.17502593947,0.13102187399,0.048016621217,0.159681854334,0.760714591971,0.271985677858,0.0,4.79962762056,0.972771206986,0.281659096497,0.262863602381,0.205716953889,0.18483286039,0.19177170914,0.153221520557,0.122458294787,0.112390476717,0.0956247099582,0.104470807258,0.102645633539,0.0799853213545,0.0722592999693,0.0701130072906,0.067499139355,0.0601392972218,0.0671636147099,0.0613645560506,0.0615738339149,0.0537870636723,0.0598750059382,0.0511749093926,0.0470847793741,0.0,0.0,0.0,0.0,0.00267171610884,0.0141671517791,0.0415095051513,0.110454017225,0.249823277291,0.528339883999,0.984716551932,1.10689357561,1.32685738836,1.66367674764,1.6784542581,1.70113141657,1.72581277928,1.62752047329,1.73089364465,1.52280553148,1.72893278507,1.68531599624,1.73154618608,1.59225497189,1.83267577323,0.338656883048,0.608624499112,0.475968863194,0.436562898069,0.37967997487,0.325709740876,0.278739984424,0.23752192017,0.19191825797,0.169715595691,0.165912670403,0.168059043089,0.155083353363,1
707,have you ever been diagnosed with p_t_s_d,12,533.347,648.277,126.310884886,0.363177586357,0.0694808043994,0.214129852611,1.6114395842,0.123126712339,0.0917811068579,-0.32875415115,0.934062098949,0.552219726587,0.0,-9.60491905817,1.84965253883,0.310546742772,0.239692036516,0.0899527848481,0.0952614478724,-0.0181033506185,0.164413409436,-0.0433073101591,0.0914443314787,-0.0378012331509,0.0510563245819,-0.0296953885905,0.0481279915517,0.00101649092628,0.0056878099352,-0.0428668843385,0.00870938490787,0.0105217631854,-0.000103405639783,-0.0126574612474,0.0128620854746,-0.00115059056284,-0.00541189296674,0.0170543297848,0.0,0.0,0.0,0.0,-0.000132803528816,-0.00160611915278,-0.0176465713955,-0.0740028772654,-0.212064783341,-0.477921563845,-0.630051757029,0.282165985745,0.841275764794,1.01866423928,1.02379549522,0.773178693112,0.983509841681,1.10427417718,0.980122845283,1.01157064573,0.856098951385,0.773206764254,0.612680283543,0.452024267692,0.712287346699,-0.264704831429,-0.967556268042,-0.781453970218,-0.698611594574,-0.652420626841,-0.559806751833,-0.491919829303,-0.443619377601,-0.375282658341,-0.346113592564,-0.297906676987,-0.255928120427,-0.189921059861,58.452953353,0.480936328839,0.061273825702,0.177723385732,4.27915782276,0.123018419983,0.0397877907379,0.136246538388,0.717287864581,0.216926071904,0.0,3.23075615501,0.986861062058,0.35126850379,0.350750970475,0.252071478381,0.26547570417,0.226624251394,0.175960531184,0.177065146342,0.157076629957,0.125867169578,0.129282239554,0.12570600962,0.119502675207,0.0980793318304,0.0940762092896,0.0912366776708,0.0814373456985,0.0773743453817,0.0812486471021,0.0737529505642,0.071744053757,0.0703931792184,0.064681243814,0.0633614129585,0.0,0.0,0.0,0.0,0.00306931680642,0.0139879760218,0.0545190225025,0.142507968082,0.317417797939,0.64662651478,1.25712832687,1.6881374291,1.71280255782,1.66686182201,1.67839897894,1.79199460706,1.72540608387,1.72273792313,1.83957082843,1.8091073176,1.85059067919,2.00767133435,2.00740857779,2.11609388988,2.16345747311,0.355670118956,0.446619586548,0.311753600286,0.289049725085,0.259302733208,0.235457335804,0.20926758948,0.17577652686,0.154873749522,0.140268000723,0.135648535216,0.137091401693,0.127267906024,1
707,tell me about something you did recently that you really enjoyed,39,785.957,808.487,98.3393731636,0.0842311459354,0.0342307514287,0.136045164782,1.69046966506,0.0837369566463,0.0701315614491,-0.208640082787,0.626177486204,0.337126494467,0.0,-7.12081929458,0.996898706286,0.255799960025,0.214718875992,0.0314923230719,0.099110389854,0.0737055381061,0.128394130002,0.00843091479341,0.0418415278042,-0.0120679393964,0.0454832436359,0.00584260634471,0.0362086220866,0.0130755401838,-8.11062514261e-05,-0.0244896654259,-0.00393022283847,0.0166607796394,0.0149887098536,-0.00830416054903,-0.00271853328048,-0.00841985442744,-0.00161623875687,0.0110481975608,0.0,0.0,0.0,0.0,0.000535690879934,-0.00152508202355,-0.00615349077486,-0.0153513746774,-0.0295316981706,-0.0619291955728,-0.0884430377946,0.0970789269865,0.202906971862,-0.0633659159064,0.138379635239,0.151699872935,0.347146898323,0.0432264091389,0.0662940252731,-0.311068703601,0.319574606445,-0.136851148524,0.254568085273,0.172786647083,-0.124895576122,-0.048927610274,-0.56188511729,-0.53342092471,-0.499825025417,-0.461981128138,-0.416673283969,-0.367333039302,-0.329159358496,-0.28564033627,-0.248740150356,-0.204469904834,-0.164532289672,-0.131956375122,82.3281969732,0.277870264285,0.0364511785901,0.137294026457,4.35962922445,0.0966715967672,0.0577660985901,0.170684880682,0.801239798547,0.270076022275,0.0,5.55411775334,0.836081048376,0.261804236408,0.236262980222,0.13887459498,0.196586664483,0.147379746252,0.142227187542,0.096066436667,0.0933932910965,0.0862100531613,0.0978170161183,0.0835028555884,0.0777400993444,0.0769033583333,0.0662478366693,0.0649384342475,0.0594736406503,0.0595446841378,0.0557270712346,0.0509897132289,0.0513572558568,0.0493989085745,0.045235218021,0.0466899394512,0.0,0.0,0.0,0.0,0.00377956006258,0.0177247660846,0.0324329001782,0.0622413995497,0.122711401088,0.262422291144,0.53826581641,0.693374261827,1.53294132033,1.36795510146,1.34589021675,1.38502017812,1.38639513331,1.56150837842,1.51699673269,1.19340495438,1.47760853371,1.30434191295,1.41258728019,1.67373055651,1.31111847501,0.106114032041,0.469363087898,0.443144586991,0.412145718194,0.376889999785,0.336261578202,0.293742273011,0.261948753775,0.228159910991,0.20355450862,0.172693186516,0.148022097797,0.133202636407,1
707,what sort of changes have you noticed since you've been going to therapy,44,692.227,708.817,129.283001808,0.423146473779,0.0604510239756,0.19759083958,0.0477965236461,0.111993868907,0.097501636656,-0.342364181698,0.92305623778,0.587034028229,0.0,-9.64057900648,1.94836225732,0.286759475866,0.325384721455,0.13684791075,-0.0393314852761,-0.0467938144425,0.18590175951,-0.121853981998,0.0371548638218,-0.0547486568173,0.0824444881155,-0.0194687046397,0.0252175754657,0.0340869927339,0.00598920475583,-0.0376759130911,0.0178525469306,0.0235473938902,-0.00282997930661,-0.0300044601119,0.0220428930885,-0.0220147340157,0.00183636834201,0.0122700217993,0.0,0.0,0.0,0.0,-0.000203689390256,-0.000259424654855,-0.00895927084289,-0.0379169881784,-0.140161321226,-0.402710519564,-0.705059624024,-0.214240929244,0.725806286222,0.854197529836,1.10351704293,1.1463748961,1.37832824769,1.03029133867,1.36822196879,1.51096835847,1.15217821306,1.06174325647,0.679575144732,0.93121775529,0.804424041541,-0.377562547563,-1.03379850719,-0.755474203525,-0.695390494192,-0.668051277036,-0.538792329107,-0.498262786903,-0.45979157813,-0.371038470954,-0.345570407128,-0.301079846482,-0.257513650463,-0.182683635427,53.4962591877,0.494207200657,0.0574709639608,0.181873354876,4.55493335204,0.125613332943,0.0405318293202,0.123463735826,0.666987911506,0.212812652846,0.0,2.86133688347,0.913498239234,0.398337968656,0.402823739127,0.285427522386,0.372978574053,0.234444645505,0.197475079014,0.220939412121,0.166649112386,0.138351887483,0.155384438507,0.12433729213,0.138374945949,0.109570583532,0.100428704146,0.102076537501,0.0929771556634,0.0825413611301,0.0877537307523,0.0826042478963,0.0818948468627,0.076334825475,0.0739561933322,0.0749100116954,0.0,0.0,0.0,0.0,0.0026236972397,0.0163521083954,0.0440828688242,0.096011202072,0.220089696328,0.498115564031,1.13068368362,1.77186037486,1.88044793436,2.08840142483,1.95145974182,1.87986580428,1.86104794263,1.89184779327,1.67077449809,1.555254253,1.8719935881,2.11438190076,2.12573040927,2.12262864917,2.20650504894,0.494746323112,0.494124242607,0.292752043024,0.26680038166,0.239258987905,0.22437853513,0.185642089908,0.165517447229,0.159971085044,0.139858009368,0.137328485429,0.133925820994,0.141212301465,1
707,tell me about a situation that you wish you had handled differently,3,274.727,297.437,128.049537649,0.214002642008,0.034130969371,0.122200826613,0.0717204453951,0.0994309889358,0.0906625816668,-0.271444792525,0.718968967052,0.437042074828,0.0,-8.6442234304,1.39535670547,0.295404541926,0.206418981327,0.0264245725548,0.10372627123,0.0491549733183,0.141032344816,0.00747375374978,0.076581086459,-0.0325742128592,0.0250497149044,-0.0105494658328,0.0371684336736,0.00739318741016,0.00712772796572,-0.0203656874569,-0.0059244118994,0.00368164563856,0.00543683319458,-0.00488651838568,0.0080596621184,-0.00931519582595,-0.00419035989365,0.0106768935449,0.0,0.0,0.0,0.0,-0.00048667715935,-0.00315641650403,-0.011279570801,-0.0268812929672,-0.0653827393688,-0.15289623294,-0.12337478745,-0.119866832974,0.179266332249,0.279809248936,0.341914262624,0.37840310558,0.189672283943,0.248889676721,0.481736782464,0.299065352204,0.468834642004,0.270346906589,0.173135429213,0.214475847297,0.113210921639,-0.203460380668,-0.894795019241,-0.783070199044,-0.701898915422,-0.639699989302,-0.551458632813,-0.469077339091,-0.393822155759,-0.319978282185,-0.254995390627,-0.195683127913,-0.143926983833,-0.0907499691271,77.3202909381,0.410218978798,0.0478493137351,0.161732973282,2.76126215798,0.175087033032,0.0549818204537,0.156983615538,0.746917419253,0.254339705067,0.0,4.70449564452,0.926904052282,0.286660510065,0.25130070362,0.170239821117,0.212822517495,0.168633605132,0.153283376333,0.142240919929,0.114053208489,0.094732095335,0.097094442455,0.0880770121981,0.0815583210956,0.0756564267528,0.0694263413192,0.0703903365917,0.0703983752028,0.0621055801223,0.0638007923852,0.0526138098968,0.0558797741687,0.0593241723927,0.0543979472426,0.0525198832157,0.0,0.0,0.0,0.0,0.00201331174168,0.0116839549179,0.0436490636884,0.10170759315,0.207128155819,0.436916384528,0.755784494225,1.0408355126,1.55434829189,1.79060525067,1.84542492109,1.74788764661,1.75328549824,1.73285823358,1.67203728101,1.79637589388,1.73632752211,1.702732257,1.71804315547,1.64654322476,1.83059007004,0.30573475198,0.570892756769,0.469144281569,0.431542076773,0.384974476108,0.330472512246,0.279056551408,0.234911370736,0.193959973807,0.167701969429,0.158025736675,0.161401481023,0.155066393418,1
707,when was the last time you argued with someone and what was it about,19,247.177,274.727,121.087477314,0.290744101633,0.0412537851927,0.132424330386,0.54679485446,0.103232776705,0.0861068864633,-0.269104533564,0.726163929261,0.43867276547,0.0,-8.48622760015,1.4069316354,0.306838766095,0.195709534248,0.0331829948382,0.0842747288413,0.0286658928443,0.134562642575,-0.0216520071386,0.0770047524761,-0.0172110771994,0.0234429386793,-0.0309161476257,0.0275386004469,0.00680400060774,0.0044668036962,-0.0197778194733,-0.00433270705104,0.0103482992514,0.0121255042576,-0.0087966607244,0.0116992390348,-0.00396553314743,-0.0124447720799,0.0120658581383,0.0,0.0,0.0,0.0,0.000130206667473,-0.00146563720132,-0.00997704891057,-0.0367823345343,-0.0945337871515,-0.233834140878,-0.247015019304,0.12370617456,0.109293955065,0.277228537868,0.208871642981,0.321777596669,0.140676864612,0.500951506025,0.225800294409,0.279531642616,0.263064686201,0.409905576308,0.393878756984,0.21257006849,0.193781036674,-0.203736806291,-0.87533035672,-0.749386026027,-0.661021888172,-0.589463760625,-0.512411711823,-0.448692179118,-0.382008331033,-0.304413203818,-0.259427387291,-0.206382441479,-0.157869375855,-0.11371440022,77.6455596956,0.454188117697,0.0523818736045,0.160084751481,3.40926073992,0.145789721896,0.0540121612696,0.163366974787,0.751092632414,0.265734543098,0.0,4.80099702164,0.976952775312,0.322942473706,0.259899524679,0.180173103904,0.202121152215,0.180947349254,0.17331529388,0.172682427145,0.13146947425,0.0992482525126,0.116097190962,0.0985547634652,0.0945020059635,0.0863319611448,0.0824462379462,0.0770802922214,0.0730951240695,0.0688819324583,0.0702232849218,0.0688339919941,0.0679304887353,0.061556192386,0.0585596952342,0.0558250701389,0.0,0.0,0.0,0.0,0.00126980098213,0.0139957886475,0.0457310887254,0.113092508558,0.238644063753,0.517695146099,0.977845278462,1.1127728388,1.50789571334,1.70221191838,1.80663784593,1.77893814966,1.88400379372,1.66383789727,1.72987627346,1.58402007521,1.63612423217,1.73135039219,1.77202578508,1.81826078453,1.86738127718,0.293961962861,0.569490098073,0.455944381364,0.411175350617,0.367718022943,0.322718125895,0.275421121416,0.231348242445,0.198334418683,0.173817264327,0.161735930335,0.15743851219,0.145042613139,1
707,how easy is it for you to get a good night's sleep,5,503.827,518.777,124.523745819,0.404682274247,0.0754397224383,0.236276622105,0.851001704202,0.154188371503,0.103497088716,-0.321581300606,0.916360369478,0.563702430663,0.0,-9.50150677345,1.91741413134,0.265535336051,0.189577660528,0.0666491937602,0.101147272736,-0.0485561137064,0.126894972246,-0.0355523722444,0.115502593937,-0.00371178467683,0.0401494140853,-0.05099701306,0.0299812806065,0.011343619413,0.0134769637636,-0.0391935324277,0.00160217697664,0.0303125292357,0.0141350829517,-0.0265727660561,0.00468292750796,0.00290080802961,-0.00996546582774,0.0114753276307,0.0,0.0,0.0,0.0,-0.000762858808972,-0.00515821613669,-0.0174957362635,-0.0555166593765,-0.183119595237,-0.466816711377,-0.789696157396,-0.230366098028,0.762164687613,0.851630191793,1.12608446227,0.688136130871,0.944232988484,1.06216116718,0.828834176335,0.895930895872,1.11289993902,0.727120613607,0.410722063776,0.301412793678,0.0894051670534,-0.318964810475,-1.01809721947,-0.74354504266,-0.679859319889,-0.65432400546,-0.54980431433,-0.471398650485,-0.436708619661,-0.36653802473,-0.351835880623,-0.309286619715,-0.256423702063,-0.196232258181,56.9594486147,0.49099469026,0.0583648895047,0.175495096704,3.42053077294,0.13523119547,0.0424739373933,0.141510142239,0.705457164733,0.22388215521,0.0,3.19318912309,1.15983008912,0.339067723091,0.403039659674,0.223052077333,0.255506626821,0.240801288088,0.214172975872,0.170373299293,0.157845379272,0.135409943283,0.117753677947,0.13174255583,0.133034383727,0.108423561367,0.101200627308,0.0947784954697,0.0857929603979,0.0885255703901,0.0834134721837,0.0775086352718,0.0772889079207,0.0721469922341,0.0682848875677,0.0714898016763,0.0,0.0,0.0,0.0,0.00258123088833,0.0142207361229,0.0418597447199,0.0896607313627,0.221210821234,0.52297050532,1.10676255793,1.87514457462,1.8265949047,1.98188814334,1.85649600669,1.98951080418,1.98140145251,1.8904018204,2.07761680885,1.89365013764,1.96558781181,2.14318641895,2.16488910441,2.26018724674,2.35005277135,0.404410227297,0.50447249482,0.301742210847,0.284603057419,0.249551931989,0.226783831885,0.209956225417,0.179354586951,0.159195087227,0.135538749473,0.131938407061,0.124958042829,0.120031242292,1
707,when was the last time you felt really happy,8,708.817,728.347,118.834101382,0.391193036354,0.0701117730059,0.21464178569,1.70188281673,0.103036339545,0.093298005861,-0.348399063061,0.97131344634,0.574323944572,0.0,-9.73948007929,1.98303556056,0.348683926442,0.259858802737,0.0820860586344,0.109803550727,-0.0171010137058,0.150710071253,-0.0528945795136,0.064861121903,-0.0374140778426,0.0743469198229,-0.00627878142542,0.0523792029248,-0.00652223535252,-0.00385617515637,-0.0443320772673,-0.00176513813174,0.00232598211348,0.00750194588632,-0.0196417122975,0.0141521152984,-0.00188397325709,0.0006626295817,0.0205735916873,0.0,0.0,0.0,0.0,-0.000254698549565,-0.00465419261969,-0.0293093505448,-0.125752765014,-0.308643373797,-0.679091453586,-0.533412718639,0.858064598176,1.12546365701,1.12318575445,1.2526636286,1.13368858796,1.07590548755,0.996864935167,1.05792017507,1.09129820221,1.22888552127,0.834039755258,0.709250703916,0.704044194391,0.966833597189,-0.259687976738,-0.949682347286,-0.723409768602,-0.624968225229,-0.612055666041,-0.527082770835,-0.457241889884,-0.425105509683,-0.36790307064,-0.340118644195,-0.317339994553,-0.299037471885,-0.233514296742,55.8124661477,0.488142451948,0.064232563136,0.18811238439,4.36235094345,0.110870886483,0.0375265872018,0.138350889785,0.695695481782,0.224109535463,0.0,3.11948871656,1.03057058719,0.35086607285,0.374476850821,0.239191970889,0.251737240063,0.230717207785,0.192067735313,0.16303930762,0.171556946234,0.128652594835,0.147289855059,0.127692199369,0.11489350512,0.0969516773571,0.0936049310974,0.0821979784362,0.0819639731497,0.0803815794591,0.074825913014,0.071921535502,0.0686729671192,0.0643052084154,0.063071420997,0.0653014977917,0.0,0.0,0.0,0.0,0.00357632172231,0.0181960932336,0.0587674018562,0.152943068214,0.335786559969,0.716827064462,1.64437032388,1.58594215096,1.48035704716,1.57207415702,1.53345979896,1.56815422859,1.75808446174,1.83641450087,1.78191486431,1.76908638561,1.72851554456,2.0253465531,2.03856262282,2.10185695759,2.14156508996,0.341185850191,0.454809592128,0.276515463031,0.251822517607,0.23157025521,0.213652521128,0.192011970928,0.17475453734,0.151942695406,0.134351378086,0.121199385421,0.125139944804,0.108110235957,1
707,tell me about your relationship with your family,25,213.507,220.847,119.495231608,0.570844686649,0.0921826423139,0.311852320447,1.64470652795,0.145851433445,0.104167386329,-0.378532604377,1.13632930679,0.665792479436,0.0,-10.2100717391,2.25012441623,0.341110697082,0.28613288239,0.138899351708,0.0730875527769,-0.113443663418,0.159701826677,-0.100144473795,0.107955454817,-0.036044120984,0.078937196775,-0.0514488353331,0.0705558527829,-0.00246849282468,0.00340156955312,-0.0581153406472,0.00702993855688,-0.00503295414918,-0.0021794131709,-0.0215810070798,0.0356870849721,0.00829802658143,-0.0156291812736,0.0207178932101,0.0,0.0,0.0,0.0,5.03944725034e-05,-0.00602799880547,-0.0445543726781,-0.172377751135,-0.454477603884,-1.0175103841,-0.790230237608,1.20592078015,1.6934455854,1.64527604245,1.6158038336,1.48757223891,1.68635959757,1.61470608857,1.38578343591,1.68795755063,1.64007730129,1.94678248934,1.23733282408,0.79764924954,1.55950245895,-0.414505534211,-1.12360821643,-0.818542527969,-0.695299322391,-0.643300823843,-0.530571682524,-0.470382877377,-0.458934690324,-0.397334254862,-0.382548991239,-0.331730479784,-0.307993517051,-0.244137279922,39.3982747891,0.495293092352,0.0477953789941,0.15831680022,2.80571805946,0.111660412807,0.0223722065446,0.091186304122,0.625895540627,0.152947368532,0.0,0.854328810316,0.837800432335,0.396291220881,0.425254875393,0.267575665506,0.313869520314,0.21259767948,0.183119909229,0.206981377311,0.174760799047,0.160453723281,0.161870528945,0.138524124988,0.127544074042,0.105860522289,0.0993023555357,0.101650005109,0.0950961216171,0.0830098556687,0.0933742621636,0.0822823077639,0.0722659623397,0.0781572104602,0.0654736104797,0.0669904091803,0.0,0.0,0.0,0.0,0.00141471902123,0.0160240229349,0.0737836452896,0.165922896912,0.344607201893,0.770339894941,1.93351299547,1.75014053092,1.34290730137,1.16687778669,1.40286375428,1.60852524337,1.16348781094,1.41118022249,1.7409369228,1.54956277996,1.78310168797,1.59728885495,2.09318061026,2.30674444925,2.00441816099,0.442584650071,0.428959409643,0.189438977435,0.153544681788,0.15316841078,0.17864830412,0.168099549651,0.121562535385,0.107303783215,0.10178451425,0.0776532202741,0.104949123325,0.115347571981,1
707,do you feel therapy is useful,13,648.277,692.227,121.504209329,0.261660978385,0.0613623045734,0.196596721144,1.56330547545,0.1033476669,0.0929558249798,-0.308557584262,0.831926280891,0.488253653691,0.0,-9.10652334364,1.61530647856,0.321832732522,0.229531342238,0.029401013925,0.149039857918,0.0446555644216,0.153837622433,-0.0372733509748,0.074610526045,-0.0198845054506,0.0284185142972,-0.0152637083997,0.0405709564518,0.00553892521696,0.00798483933337,-0.0271281374068,-0.00460961477828,0.0112467581788,0.00730700415463,-0.015268359596,0.00585290397062,-0.00618522948445,-0.00672761872428,0.016978381093,0.0,0.0,0.0,0.0,0.000281891991481,-0.000509037694344,-0.00855407528198,-0.0361376688102,-0.108929710609,-0.275944974646,-0.361965418261,0.0248558661064,0.552476260606,0.731227308116,0.506298438679,0.495559766224,0.607750724429,0.53340590366,0.527642700877,0.497676505109,0.587856482792,0.666518004895,0.172650259585,0.309121691334,-0.016697985842,-0.199211022027,-0.865814030215,-0.716768431161,-0.647169880932,-0.602534753561,-0.530989347878,-0.462529188931,-0.417640269659,-0.354520297834,-0.311730765937,-0.264473032474,-0.220004942408,-0.168493689636,67.3753998794,0.439588988232,0.0552383950034,0.16836219101,3.74560982329,0.114511938314,0.0488161703026,0.156313824643,0.775628983392,0.24540146607,0.0,4.12737729404,0.984039044893,0.319653931399,0.32076646508,0.202149335491,0.209977555808,0.202439062533,0.176764555481,0.155448687732,0.12589997066,0.101931841911,0.109927994516,0.102703134279,0.105211597855,0.0856110159396,0.0825081585124,0.0832263210426,0.0698610668494,0.0726300063713,0.0704645754798,0.0613389461762,0.0651880265368,0.0627397517299,0.057295081849,0.0611837646698,0.0,0.0,0.0,0.0,0.00441007940095,0.0172887501949,0.0435620640889,0.107471454499,0.247187564628,0.545229630054,0.989073864708,1.36676393377,1.61438340716,1.70711052052,1.79169295883,1.81079738208,1.60979248234,1.70673422071,1.79456169424,1.84241833128,1.81418471518,1.88466672192,1.91060992149,1.8961011597,2.02856897576,0.351469146823,0.510605076365,0.376092408394,0.345194059707,0.310973673812,0.274028279013,0.241274934877,0.206337606734,0.180308630731,0.160905074541,0.151484981417,0.147944129161,0.144430318285,1
707,tell me about the hardest decision you've ever had to make,21,312.227,336.717,125.142915476,0.27276439363,0.0490745611764,0.175878273464,1.31733410328,0.123436480616,0.0813134221847,-0.292162453793,0.808476370244,0.48734388187,0.0,-8.93158517794,1.61849262914,0.283837286378,0.16989665423,0.00042178534513,0.116729167344,0.0434493358468,0.175498638602,-0.0309510620964,0.063950977053,-0.0253548905348,0.033114798669,-0.025007497418,0.0320509215916,0.0173627788942,0.0102474180206,-0.0305217469737,-0.00703434540827,0.0157664509322,0.0118584685144,-0.0184421042444,0.0138180902601,-0.0136652171234,-0.00734090733999,0.0153861636774,0.0,0.0,0.0,0.0,0.000125625983023,-0.000958879028118,-0.00616576246301,-0.0280793310549,-0.0938378037109,-0.251649169526,-0.382972539985,0.0403331828311,0.33010307641,0.747531477296,0.776261905214,0.362122033063,0.646018139354,0.535168352574,0.709097634011,0.741865479979,0.433552483104,0.54447463375,0.450785250141,0.357548764339,0.417834363963,-0.234234291937,-0.909994372381,-0.753975964876,-0.663945258523,-0.619084941081,-0.536050147804,-0.459265975711,-0.409174776483,-0.329699806775,-0.296372629424,-0.237041571391,-0.193126329083,-0.139508976616,68.5862517533,0.445471671641,0.0509705995466,0.17158119143,3.77692798428,0.123466090485,0.0462881687235,0.154700447243,0.74777706551,0.251810398259,0.0,4.19704188224,1.09421150274,0.323548719982,0.324965071795,0.243747200226,0.203988083361,0.179845946885,0.187583829334,0.151572307486,0.123971673668,0.108752425528,0.107828047474,0.104669078016,0.106569210659,0.0874507114845,0.0844775353364,0.0765093730295,0.0739540012164,0.0679787304888,0.0682354632791,0.0734472085442,0.0647354500745,0.0633656214969,0.0570318868088,0.0555344774312,0.0,0.0,0.0,0.0,0.00472643259956,0.0190782712292,0.0369857406766,0.0783325499551,0.196021627184,0.469499338926,0.965941709831,1.30209384162,1.66581185678,1.72470899713,1.63004172861,1.84519774876,1.75983036419,1.81683337137,1.63843104745,1.78335216039,1.83667304098,1.73454819453,1.63983520258,1.99348524844,2.02126036373,0.368905511423,0.541242680564,0.397522007345,0.364078918661,0.324731611413,0.284856041738,0.251852028519,0.208644924845,0.180332068001,0.160180548039,0.151574198803,0.146497955053,0.144275809132,1
707,tell me about an event or something that you wish you could erase from your memory,33,336.717,355.137,123.703040174,0.402823018458,0.0645765029323,0.203327324722,0.450746270616,0.127421677096,0.0994591758777,-0.314817601331,0.921561115192,0.543429397358,0.0,-9.33747171453,1.8059639454,0.296778976259,0.205985303483,0.0539432052127,0.08599972994,-0.00381996730181,0.184632556051,-0.0292760181337,0.0925676673199,-0.0344739779584,0.0452995445103,-0.0331199262215,0.0412659339037,-0.0104007622277,0.0110820019711,-0.0453277360744,-0.0088591000534,0.00464789407978,0.016497543608,-0.020696288396,0.0198877888223,0.000341564952869,-0.0140384080719,0.0182583469388,0.0,0.0,0.0,0.0,4.83684148558e-05,-0.0043509238466,-0.0319352493377,-0.112335906245,-0.263545217153,-0.56145295409,-0.383284793273,0.472759231846,0.949276776904,0.688070094418,0.582574214383,0.708199066875,0.925190774277,0.991835723034,0.901395398058,0.840993046706,0.800811449658,0.871662894606,0.71545509835,0.595684612461,0.449906972843,-0.30522849692,-1.02051441742,-0.829351519091,-0.726740735424,-0.658612847992,-0.534154668355,-0.466103996319,-0.422793596948,-0.347481568202,-0.314623290647,-0.265054593287,-0.223780353669,-0.162178375999,62.5362276883,0.490598920245,0.060821939584,0.178646713644,3.97669096901,0.127518224094,0.0441690491471,0.143717557919,0.725234305493,0.237336629844,0.0,3.57562744054,1.04636246102,0.367035043533,0.356615658389,0.239597018595,0.285983173372,0.234600453096,0.194280073837,0.164090773768,0.155775816083,0.130649209821,0.132121945262,0.129766335449,0.109292368479,0.110453699019,0.104321780589,0.0978781053807,0.0900886605107,0.0844215225689,0.0877163833748,0.0922189866733,0.0804681481245,0.0795181094728,0.0770581579403,0.0674021795147,0.0,0.0,0.0,0.0,0.00178337912837,0.0152104276852,0.0635974124479,0.17104051563,0.360330143198,0.702851531073,1.51702308811,1.47650087179,1.63620460514,1.85574306665,1.82787437703,1.90853813358,1.85529832535,1.66513513437,1.75575274106,1.89428753881,2.00875987031,1.87642805163,1.94802368306,2.03012514635,2.18845396979,0.335820314944,0.487133639983,0.364659324289,0.331107687262,0.296992602406,0.26920373924,0.233299284363,0.184573466883,0.160766226247,0.150647412554,0.150367895389,0.151628314345,0.140180692286,1
707,do you consider yourself more shy or outgoing,24,199.397,213.507,111.256555634,0.353649893692,0.0477274276885,0.157026320276,0.299389993535,0.0867704705964,0.0873375498258,-0.283259503565,0.737864115772,0.476838982894,0.0,-8.29670889394,1.61688542925,0.239043098354,0.139593309359,0.0106734095271,0.0466694961575,-0.0379797195925,0.14348991222,-0.0525290840689,0.0754637096157,-0.0161570521088,0.0497769890828,-0.0252288685177,0.0085047254305,0.000259550876962,0.0170506349867,-0.0324590507357,0.00307334105598,0.00481084951082,0.0101300004325,-0.0228461832267,0.0246335558955,-0.00547865471665,-0.0116253327317,0.0103108837546,0.0,0.0,0.0,0.0,-0.000799909741541,-0.00405054231237,-0.00905506779496,-0.0209463296653,-0.0989707320558,-0.286576658879,-0.580101021614,-0.21652671818,0.599375335714,0.696790115232,0.507129288823,0.622473034025,0.73926456914,0.827685493332,0.577584547451,0.796960747146,0.479443173147,0.916873006242,0.563233464115,0.364873971121,0.630624411829,-0.283326283998,-0.851857540171,-0.637689848729,-0.562872763,-0.547591378733,-0.461719602486,-0.39430990109,-0.37425048357,-0.319464129229,-0.286001172893,-0.246721243492,-0.220200082989,-0.16350162511,68.1060115803,0.478271639371,0.0580208014367,0.181930069251,3.46902336273,0.121436568261,0.051228198841,0.167738530604,0.728786537531,0.280447442006,0.0,4.48001285272,1.16396266429,0.307726904129,0.348634023015,0.247730116536,0.228896413978,0.199103129692,0.189498953535,0.167759892104,0.118722216668,0.111724639174,0.110450618619,0.108347185246,0.114596732028,0.0732773843126,0.0869704660766,0.0903036016248,0.0729291982752,0.0684036985908,0.068465508823,0.0750051851008,0.0703060092971,0.0608692700651,0.0523430426297,0.0552657071855,0.0,0.0,0.0,0.0,0.00413237201508,0.0188965687549,0.037835781071,0.0758303206731,0.193599038435,0.487420968523,0.997435982332,1.59782797151,1.85510728202,1.75300009453,1.75610727097,1.6608615992,1.64051568373,1.6051112902,1.68637404614,1.66317874268,1.7313334835,1.62805391833,1.88851261845,2.00223562305,1.94215198746,0.464144589979,0.587650501434,0.387486032451,0.350649019767,0.323290260456,0.285055150924,0.259120428292,0.212466235809,0.189846897224,0.169677423192,0.156862088308,0.15001906628,0.13621276875,1
707,what's something you feel guilty about,1,297.437,312.227,123.213657877,0.410412440838,0.0696382755215,0.220349849379,1.33914878441,0.135409905938,0.0992996880233,-0.326458723067,0.908312961344,0.555623344671,0.0,-9.61955253974,1.83214285135,0.331617834956,0.238313169632,0.109073178406,0.0671452187123,-0.0505529837548,0.145859280883,-0.0552329855437,0.105084837761,-0.0140469521432,0.0460653106278,-0.0328500051744,0.0322801103849,0.00119357314012,-0.00528231145668,-0.0422156106134,-0.0106187720803,0.0188584489077,-0.00432871518295,-0.00907612074285,0.019553229455,-0.000976440175864,-0.0157881074746,0.0186866264173,0.0,0.0,0.0,0.0,-0.00123202140265,-0.0096138068187,-0.0350448356222,-0.11038948131,-0.255987401575,-0.523211198052,-0.608380095341,0.307019185526,0.64626052967,0.644952867582,0.759139595768,0.565820631935,0.872159175299,0.905385567068,0.827983948464,0.746396700797,0.853317933189,0.794063685955,0.437834731915,0.810985454693,0.684277780805,-0.341443295893,-1.04051844609,-0.791831564248,-0.675756802071,-0.644256877408,-0.540834200462,-0.465159640762,-0.408639841798,-0.334921608641,-0.322234814283,-0.270800459425,-0.234060327349,-0.188801451958,61.0550921613,0.492074980542,0.0580952084462,0.160661662899,4.99823348722,0.138639920018,0.0443897369106,0.13973302946,0.70858820908,0.230597990357,0.0,3.39729706845,1.00153734604,0.266659463111,0.388493507703,0.23045299407,0.255020912564,0.241203573349,0.221894523435,0.178920852953,0.157357148475,0.114725437355,0.14605016647,0.11213455916,0.133316082713,0.0939022448029,0.0900300145098,0.0861709986105,0.0744406781387,0.0742560985597,0.0861210926262,0.0635767667297,0.0677484087151,0.062374657613,0.0659853794238,0.062846631731,0.0,0.0,0.0,0.0,0.00560761039887,0.0379801246928,0.087603808035,0.177117420057,0.346692177746,0.665663490773,1.38945641514,1.61465869121,1.65020192759,1.79752746938,1.82894278499,1.88595510686,1.83266005808,1.80437655245,1.82413276268,1.79755047605,1.96023858826,1.88436827019,1.9848404865,1.88453371009,2.10140867011,0.429455412637,0.534241950298,0.334284882479,0.316169226399,0.276947255938,0.256894260342,0.22663378507,0.203149103857,0.185805677889,0.150111092752,0.136236374552,0.146712459462,0.13536348527,1
707,how have you been feeling lately,2,471.117,487.837,126.48923445,0.236244019139,0.0492062651107,0.133785315999,0.947880952599,0.0837188171571,0.10316275805,-0.294110454827,0.840018096923,0.48615267534,0.0,-9.29035646589,1.57464361979,0.288433605869,0.189853650275,0.0259316448161,0.132440672627,0.0299340528665,0.131325323851,-0.0310695985828,0.0741283447293,-0.00961950581281,0.0591017392618,-0.0176733754536,0.0355874296579,-0.00115546392041,0.00460377676947,-0.021801468181,0.00256750959015,0.00728843576525,0.0147591873446,-0.0155323467342,0.0197827475193,-0.0115180740469,-0.0110912382359,0.017701878091,0.0,0.0,0.0,0.0,-0.000112114901344,-0.00107169034372,-0.00402813003747,-0.0237492238335,-0.0819015268072,-0.209371289956,-0.410591153943,-0.212710358145,0.232423448841,0.446050862976,0.619699142751,0.479026229719,0.680352132227,0.46730231989,0.799468647416,0.768044902401,0.496399815499,0.363641357558,0.0880012641944,-0.200464834568,-0.0136262608696,-0.180488501378,-0.862594731861,-0.729185460333,-0.634264571761,-0.589501824003,-0.524192992356,-0.463062547339,-0.411661716004,-0.348359820374,-0.313975574216,-0.266640181463,-0.234516714134,-0.17644682151,67.7073661901,0.424900884306,0.0656768357894,0.169150103194,3.69583211442,0.114855725281,0.051664528704,0.141932053757,0.74694942087,0.231502941764,0.0,4.08746390106,0.950729173491,0.272093188904,0.283258080488,0.251353277841,0.196452642114,0.194158908759,0.192310545201,0.161680047935,0.125900042757,0.10870176432,0.115123352026,0.106082333103,0.100636063553,0.0799147604096,0.0797572461541,0.0753699737641,0.0696458819699,0.0641872891561,0.0691858179898,0.0616334311674,0.0610064059141,0.0530455190645,0.0546569368677,0.0517100935189,0.0,0.0,0.0,0.0,0.00286900960714,0.0206045232895,0.0376093202828,0.0743405764979,0.179545526183,0.411353634096,0.776317216585,1.22946972342,1.57544033477,1.80599459246,1.67709724161,1.76895292691,1.77244378736,1.71215682851,1.48667949444,1.67679944342,1.70870924823,1.88235907909,1.81979237515,2.04748268991,2.0188432852,0.327076835938,0.526406925288,0.372888981683,0.321541970314,0.297183755484,0.260097091134,0.231486253773,0.202205560673,0.173047089385,0.160063630323,0.153211508492,0.146619714444,0.135616759283,1
